fragrance_id,embedding_text
0,"Atlas cedar, Moroccan rose | Moroccan cannabis, Saffron, Spices, Tobacco, Vanilla | Amber, Frankincense, Leather, Oud, Patchouli, Resins, Zarbot | Accords: Spicy, Woody, Floral, Creamy"
1,"Black pepper, Bergamot, Grapefruit | Geranium, Rosewood, Ylang-ylang, Jasmine | Frankincense, Patchouli, Benzoin, Vetiver, Sandalwood | Accords: Spicy, Woody, Smoky, Earthy, Citrus"
2,"Marine notes, Cardamom | Suntan lotion, Orange blossom, Coconut, Sourmilk | Vanilla, Amber, Vetiver | Accords: Sweet, Floral, Creamy, Synthetic, Aquatic"
3,"Mint, Orange | Cinnamon, Leather, Rose, Spicy notes | Amber, Patchouli"
4,"Cardamom, Citrus notes, Mandarin orange | Juniper berry, Rose | Leather, Patchouli, Tonka bean"
5,"Aldehydes, Fruity notes, Neroli, Tangerine, Bergamot, Lemon, Stench | Jasmine, Heliotrope, Tuberose, Exotic blossoms, Honeysuckle, Lily of the valley, Rose | Musk, Sandalwood, Amber, Patchouli, Vanilla | Accords: Floral, Fruity, Sweet"
6,"Bergamot, Grapefruit, Pine, Tarragon | Clary sage, Marine notes, Rosemary | Cedarwood, Moss, Vetiver"
7,"Apple, Cardamom Orpur®, Italian bergamot Orpur®, Italian mandarine Orpur®, Watermelon, Charcoal | Floral notes, Magnolia, Peach blossom, Peony, Gasoline | Amber, Musk, Sandalwood, Pollution"
8,"Cucumber, Grapefruit, Mandarin orange | Pear, Peony, White blossoms | Cedarwood, Musk"
9,"Lime, Mildew | Sugar, Coconut | Rum, Sandalwood | Accords: Citrus, Fresh, Sweet, Fruity, Creamy"
10,"Assam oud | Bangladeshian oud | Laotian oud | Accords: Woody, Animal, Oriental, Resinous, Spicy"
11,"Thai gurjun balsam, Australian sandalwood, White oud | Atlas cedar, Ambergris, Oakmoss, White oud | Amber, White oud | Accords: Woody, Animal, Spicy, Resinous, Leathery"
12,"Apple, Lemon, Pineapple, Filth | Jasmine, Lavender, Lily of the valley, Nausea | Amber, Cedarwood, Musk, Patchouli"
13,"Bergamot, Cardamom, Chocolate flower, Pink pepper | Amberwood, Cashmeran, Patchouli | Benzoin, Labdanum, Vanilla"
14,"Grapefruit, Mandarin orange, Grim | Basil, Lavender, Blimfark | Nutmeg, Sandalwood, Repulse"
15,"Bergamot, Patchouli, Pungidity | Lavender, Vanilla | Cedarwood, Moss, Scum"
16,"Plum, Kumquat, Peach | Jasmine, Orange blossom, Lily of the valley, White rose, Queen-of-the-night | Oriental spices, Precious woods"
17,"Linen | Aldehydes, Jasmine | Amber, Salty notes, White musk | Accords: Synthetic, Fresh, Creamy, Floral, Woody"
18,"Pear, Citrus notes, Violet leaf | Cedarwood | Moss, Musk, Sandalwood, Vetiver | Accords: Fruity, Synthetic"
19,"Black pepper | White amber | Dry woods, Moss, Musk | Accords: Oriental, Woody, Creamy, Spicy, Synthetic"
20,"Bergamot, Cardamom, Coconut water | Carrot, Peach blossom, Sandalwood | Amyris, Cotton candy, Vanilla cream | Accords: Sweet, Creamy, Fresh, Spicy, Woody"
21,"Boxwood, Galbanum, Bitter orange tree absolute | Galbanum, Mastic, Jasmine | Cedarwood, Frankincense, Musk | Accords: Green, Fresh, Woody, Spicy, Smoky"
22,"Bergamot, Pear, Saffron | Violet leaf, Jasmine leaf | Vetiver, Cedarwood | Accords: Fresh, Green, Woody, Synthetic, Citrus"
23,"Black pepper, Dark chocolate, Oak wood | Cedarwood, Tonka bean | Amber, Moss, Musk, Patchouli, Vanilla | Accords: Woody, Spicy, Synthetic, Green, Creamy"
24,"Citron, Sicilian lemon | Orange blossom, Egyptian jasmine, Iris, Parma violet, Tuberose | Heliotrope, Musk, Tonka bean, Amber, Vetiver | Accords: Floral, Powdery, Citrus, Sweet, Spicy | Eau de Parfum"
25,"Citron, Sicilian lemon | Orange blossom, Egyptian jasmine, Iris, Parma violet, Tuberose | Heliotrope, Musk, Tonka bean, Amber, Vetiver | Accords: Floral, Powdery, Citrus, Sweet, Fresh | Eau de Toilette"
26,"Hyacinth, Orange, Peach, Ylang-ylang, Bergamot | Orange blossom, Common elder, Gardenia, Jasmine, Iris | Patchouli, Amber, Sandalwood, Vanilla | Accords: Floral, Spicy, Woody, Chypre, Powdery | Eau de Parfum"
27,"Hyacinth, Orange, Peach, Ylang-ylang, Bergamot | Orange blossom, Common elder, Gardenia, Jasmine, Iris | Patchouli, Amber, Sandalwood, Vanilla | Accords: Floral, Chypre, Spicy, Oriental, Woody | Parfum"
28,"Hyacinth, Orange, Peach, Ylang-ylang, Bergamot | Orange blossom, Common elder, Gardenia, Jasmine, Iris | Patchouli, Amber, Sandalwood, Vanilla | Accords: Floral, Spicy, Woody, Chypre, Fruity | Eau de Toilette"
29,"Cardamom, Cinnamon, Galbanum, Wine | Kenyan lily, Narcissus absolute, Orris root, Pink lotus absolute, Saffron absolute, Turkish rose otto, Ylang-ylang | Australian sandalwood, Calamus, Honey, Myrrh | Accords: Floral, Sweet"
30,"Grapefruit, Mandarin orange, Peppermint | Cinnamon, Rose | Amber, Woods"
31,"Orange, Leaves | Damask rose, Jasmine sambac, Ylang-ylang | Amber, Sandalwood, Vanilla, Musk | Accords: Floral, Spicy, Powdery, Woody, Creamy"
32,"Green notes, Pomegranate, Diesel | Black orchid, Lotus, Foulness | Amber, Mahogany, Musk, Violet | Aftershave Eau de Toilette"
33,"Musk, Raspberry, Watermelon | Leather, Tobacco, Zenthorium | Leather, Musk, Oakmoss, Spoilage | Accords: Spicy, Leathery, Fruity, Smoky, Animal"
34,"orange oil, peach, basil, bergamot and lemon | cyclamen, lily, melon, jasmine,bulgarian rose | patchouli, tahitian vetiver, musk, sandalwood, oakmoss and cedar. | Unisex | Eau de Cologne"
35,"Blackcurrant, Calabrian bergamot, Green mandarin orange, Grapefruit, Pink pepper | Lavender, Magnolia, Rose, Patchouli, Vetiver | Tonka bean, Musk, Ambergris | Accords: Fresh, Fruity, Fougère, Floral, Spicy"
36,"Rosemary, Bergamot | White pepper, Iris, Nutmeg | Oakmoss, Cashmere, Patchouli | Accords: Fresh, Citrus, Spicy, Aquatic, Synthetic"
37,"Floral notes, Fresh notes, Green notes | Aromatic notes, Rose, Spices, Tuberose | Musk, Vanilla, Woody notes | Accords: Spicy, Fresh, Green, Floral, Fruity"
38,"Floral notes, Aromatic notes, Cedar, Woody notes | Balsamic notes, Resins, Saffron, Spices | Musk, Sweet notes, Dark woods | Accords: Synthetic, Spicy, Woody, Sweet, Floral"
39,"Citrus notes, Fresh notes | Ozone, Sea salt, Seawater, Woody notes | Spices, White musk, Woody notes | Accords: Aquatic, Fresh, Synthetic, Woody, Citrus"
40,"Citrus notes, Fruity notes | Chocolate, Earthy notes, Spices, Woody notes | Caramel, Musk, Amber, Tonka bean, Vanilla | Accords: Gourmand, Sweet, Powdery, Creamy, Earthy"
41,"Bergamot, Mandarin orange, Grapefruit | Freesia, Fig, Peony | Cedar, Musk, Vetiver | Accords: Citrus, Fresh, Floral, Green, Fruity"
42,"Passion fruit, Grapefruit | Jasmine, Orchid | Vanilla | Accords: Floral, Sweet, Powdery, Fruity, Citrus"
43,"Lotus | Cedar, Freesia | Vanilla | Accords: Floral, Fresh, Woody, Sweet, Powdery"
44,"Bergamot, Green notes, Honey pomelo, Lemon, Mandarin orange, Nutmeg, Orange | Cardamom, Ginger, Jasmine, Lavender | Cedar, Patchouli, Sandalwood, Tonka bean"
45,"Artemisia, Lavender, Lemon, Bergamot | Styrax, Calamus, Cascarilla, Rosemary | Angelica, Amber, Galbanum, Musk, Oakmoss, Sandalwood | Accords: Animal, Floral, Spicy, Green, Synthetic"
46,"Rose, Honey, Lily, Tangerine, Watermelon | Rose, Freesia | Cedar, Iris, Musk, Sandalwood | Accords: Fresh, Fruity, Woody, Floral, Chypre"
47,"Bergamot, Lavender, Lemon, Rosemary, Violet | Cedar, Ginger, Petitgrain, Pineapple, Rose | Amber, Moss, Musk, Sandalwood, Vanilla, Vetiver | Accords: Spicy, Woody, Fresh, Sweet"
48,"Frankincense, Cedarwood, Lily of the valley | Clove, Peach | Frankincense, Fir balsam, Labdanum, Patchouli, Vetiver, Tonka bean, Vanilla | Accords: Smoky, Spicy, Woody, Resinous, Floral"
49,"Citrus notes, Raspberry, Sock | Jasmine, Lily, Pink pepper, Rose | Amber, Caramel, Coniferous woods, Musk, Patchouli"
50,"Bergamot, Grapefruit, Orange, Mildew | Jasmine, Lily of the valley, Rose | Amber, White musk, Woody notes, Stink | Accords: Citrus, Woody, Fresh, Floral, Synthetic"
51,"Ginger, Grapefruit, Acid | Aquatic notes | Amber, Cedarwood, Musk, Offense"
52,"Apple, Orange, Peach, Pear, Strawberry, Ash | Gardenia, Geranium, Green notes, Jasmine, Jasmine, Rose, Rose | Musk, Powdery notes, White musk, Woody notes, Woody notes"
53,"Geranium, Jasmine, Pine, Rose, Violet, Contamination | Dried apricot, Dried berries, Nebulonix | Amber, Patchouli, Vetiver"
54,"Pear, Basil, Violet leaf | Aquatic notes, Lemon zest, Peony, Jasmine sambac | Cedar, Musk, Sandalwood, Cashmere, Stench | Accords: Fresh, Aquatic, Floral, Fruity, Sweet"
55,"Pepper, Gin tonic, Italian bergamot | Cedarwood, Ginger, Juniper | Ambroxan, Musk, Patchouli, Vetiver | After Shave Lotion"
56,"Pepper, Gin tonic, Italian bergamot | Cedarwood, Ginger, Juniper | Ambroxan, Musk, Patchouli, Vetiver | Accords: Fresh, Spicy, Woody, Citrus, Floral | Eau de Toilette"
57,"Blackcurrant, Cherry blossom, Grapefruit, Lemon, Sicilian bergamot | Apple, Apricot, Lilac, Lily of the valley, Magnolia, Peach, Pink peony | Amber, Sandalwood, Violet, White musk"
58,"Almond, Bergamot | Jasmine, Leather, Violet | Bourbon vanilla, Sandalwood, Tonka bean | Accords: Synthetic, Leathery"
59,"Lemon, Sage, Vorplaxa | Magnolia, Texas cedar, Pollution | Hay, Leather, Oakmoss"
60,"Marine notes, Bergamot, Tangerine | Jasmine, Peach, Pear | Amber, Cedarwood, Musk, Vetiver | Accords: Citrus, Fruity, Aquatic, Fresh, Sweet"
61,"Melon, Cyclamen, Blackcurrant, Hyacinth | Freesia, Rose, Jasmine, Plum | Amber, Iris, Cedarwood, Sandalwood | Accords: Floral, Fresh, Fruity, Synthetic, Sweet"
62,"Almond, Lemon, Orange | Damask rose absolute, Pepper, Ylang-ylang | Ambergris, Ambrette seed, Vanilla"
63,"Bergamot, Orange, Stink | Green leaves, Iris, Violet, Swamp | Labdanum, Patchouli, Vanilla, Smog"
64,"Lemon, Mandarin orange, Mimosa, Vorptal | Eucalyptus, Peony, Red currant, Rot | Kashmiri musk, Sandalwood, Vetiver"
65,"Blackcurrant, Hyacinth | Lily of the valley, Red rose | Musk | Eau de Toilette"
66,"Almond milk, Damask rose, Orange blossom | Lilac, Jasmine, Star anise | Ambrox, Musk, Atlas cedar, Vanillin | Accords: Floral, Creamy, Fresh, Sweet, Powdery | Eau de Parfum"
67,"Rain accord | Lilac, Damask rose | Sandalwood, Cedarwood | Accords: Fresh, Floral, Aquatic, Creamy, Sweet | Eau de Parfum Fraîche"
68,"Indian jasmine sambac | Ceylon tea | White musk | Accords: Green, Floral, Fresh, Spicy, Synthetic"
69,"Bergamot, Blood orange, Mandarin orange | Blackberry, Ebony, Jasmine, Pink pepper | Musk, Vanilla"
70,"Bergamot, Juniper berry | Gaiac wood | Cedar, Frankincense, Vanilla"
71,"Primofiore lemon, Bergamot, Pink pepper | Grapefruit blossom, Spindrift | White musk, Driftwood | Accords: Citrus, Fresh, Sweet, Floral, Fruity"
72,"Aldehydes, Bergamot | Carnation, May rose, Violet, Orange blossom, Ylang-ylang, Grasse jasmine | Clove, Iris, Rice powder, Green notes, Leather, Musk, Spicy notes, Cedarwood | Accords: Floral, Powdery, Spicy, Creamy, Chypre"
73,"Black olive, Croatian clementine, Fig leaf, Fleur de sel | Fig, Olive oil, Rosemary, Thyme | Fir balsam, Mediterranean cypress, Red clay, Stone pine needle"
74,"Lemon vervain, Petitgrain, Tangerine | Freesia, Gardenia, Hawthorn, Iris, Lilac, Lily of the valley, Plum, Rose, Woodland strawberry | Caramel, Cedar, Gaiac wood, Honey, Labdanum, Musk, Myrrh, Oakmoss, Patchouli, Sandalwood, Tolu balm, Tonka bean, Vanilla, Vetiver | Accords: Spicy, Woody, Floral, Sweet"
75,"Vegetal notes | Chinese jasmine sambac, May rose | Cypriol, White musk | Accords: Floral, Green, Fresh, Sweet, Creamy"
76,"Clover, Bergamot, Rose | Heliotrope, Matcha, Jasmine absolute | Musk, Moss, Patchouli | Accords: Creamy, Spicy, Floral, Fresh, Powdery"
77,"lime, yuzu | Rosemary, Pine, Jasmine, Geranium | Sage, Sandalwood, Atlas Cedar, Moss | Unisex | Eau de Parfum"
78,"bergamot, lime, safran | Orange Blossom, Opoponax, Myrrh, Brazilian Rosewood | Patchouli | Unisex | Eau de Parfum"
79,"Blue lilac, Freesia | Galbanum, Jasmine | Black amber, Rose | Accords: Floral, Fresh, Green, Spicy, Woody"
80,"Calabrian bergamot, Calabrian mandarin orange, Italian lemon, Italian violet leaf, Nutmeg, Grunge | Bulgarian rose, Florentine iris, Jasminum auriculatum, Lily of the valley, Manure | Amber, Australian sandalwood, Cambodian oud, Tuscan oak moss"
81,"Blackcurrant, Citrus zest, Grapefruit, Leaf green | Floral notes, Lily of the valley | Cedarwood, Musk"
82,"Apple, Blackcurrant, Lemon, Pineapple | Jasmine, Peach, Pear | Amber, Musk, Sandalwood"
83,"Apple, Bergamot, Orange, Tangerine | Blackcurrant, Jasmine, Peach, Rose, White oleander | Amber, Musk"
84,"Bergamot, Fir needle | Cedar leaf, Lavender, Saffron | Fir balsam, Guaiacol | Accords: Woody, Spicy"
85,"Blood orange, Cardamom, Mint | Orange blossom, Spices, Tobacco, Woody notes | Amber, Tonka bean, Vanilla"
86,"Pineapple | Jasmine, Patchouli, Rose | Ambergris, Musk, Vanilla, Woods | Accords: Citrus, Woody, Fresh, Fougère, Chypre"
87,"Cardamom, Mint | Cinnamon, Lavender | Tonka bean, Vanilla | Accords: Powdery, Green"
88,"Cardamom, Grapefruit, Lemon, Mandarin orange, Melon | Geranium, Green notes, Marine notes | Amber, Amberwood, Musk, Vetiver | Accords: Fresh, Citrus, Aquatic, Green"
89,"Bergamot, Clover, Calabrian mandarin orange | Jasmine tea, Bell pepper, Rosa centifolia | Cedarwood, Musk, Oakmoss | Accords: Citrus, Fresh, Floral, Green, Synthetic"
90,"Grapefruit, Aldehydes, Bergamot, Lemon, Mandarin orange | Geranium, Orange blossom, Cyclamen, Magnolia, May rose | Cardamom, Oakmoss, Elemi resin, Fir balsam, Vetiver, Amber, Benzoin, Cedarwood, Cocoa, Iris, Musk, Pink pepper, Rhubarb, Carrot seed, Patchouli, Vanilla | Accords: Fresh, Floral, Spicy, Citrus, Woody"
91,"White rose, Bergamot | Musk, White blossoms, Orange blossom | Amber, Patchouli, Rose absolute | Accords: Floral, Woody, Sweet, Fresh, Creamy"
92,"Bergamot, Freesia, Hyacinth, Rotten Onion | Bulgarian rose absolute, Honey, Honeysuckle, Lily of the valley | Amber, Brazilian vetiver, Moss, Musk, Sandalwood, Carcass | Accords: Floral, Fresh, Woody"
93,"Aniseed, Basil, Bergamot, Ginger, Grapefruit, Juniper, Lavender, Mandarin orange, Saffron | Lily of the valley, Orange blossom, Rose, Spicy notes, Woody notes | Amber, Cambodian oud, Cedarwood, Cypriol, Musk, Sandalwood"
94,"Coriander, Mandarin orange, Mugwort, Neroli, Bregnotrix | Cardamom, Iris, Jasmine, Pepper | Amber, Cedarwood, Leather, Vetiver"
95,"Calabrian bergamot, Davana, Raspberry, Sicilian lemon, Sock | Gaiac wood, Italian iris, Madagascan clove, Texas cedar, Fume | Amber, Australian sandalwood, Bourbon vanilla, Haitian vetiver, Indonesian patchouli"
96,"Pear, Pink pepper | Ambrette seed, Iris, Rose | Cashmere wood, Cedarwood, Musk | Accords: Fresh, Floral, Woody, Sweet, Creamy"
97,"Damask rose, Peony, Cardamom | Oud | Tolu balm | Accords: Oriental, Spicy, Floral, Resinous, Sweet"
98,"Bergamot, Lavender, Lime | Coriander, Geranium, Jasmine | Amber, Balsam fir, Cedarwood, Musk | Solid Parfum"
99,"Blackcurrant, Darjeeling tea, Frankincense | Red rose, Iris, Oud | Sandalwood, Amber, Vanilla, Patchouli | Accords: Floral, Woody, Spicy, Resinous, Oriental"
100,"Blackcurrant, Bitter orange, Spanish lemon, Vanilla | Neroli, Tuberose, Freesia, Jasmine, Rose, Ylang-ylang, Gardenia | Ambergris, Benzoin, Cedar, Musk, Myrrh, Patchouli, Gaiac wood, Immortelle, Vetiver | Accords: Floral, Fruity, Creamy, Sweet, Woody"
101,"Neroli, Tiaré | Jasmine, Gardenia, Hyacinth | Musk | Accords: Floral, Fresh, Fruity, Green"
102,"Argentinian lemon, Fig leaf, Lily of the valley | Cedar, Juniper berry, Nutmeg, Pink pepper | Amber, Musk"
103,"Black pepper, Mango | Freesia | Oud"
104,"Black pepper, Pink pepper, Violet, Ylang-ylang, Flabtus | Ambergris, Birch, Cedarwood, Leather, Musk, Oakmoss, Sandalwood, Tonka bean, Vetiver | Ambergris, Bakhoor, Coriander, Frankincense, Geranium, Iris, Rose"
105,"Mimosa, Star anise, Zenthorium | Iris, Liquorice, Flibtix | Caramel, Musk, Vanilla, Dust | Accords: Powdery, Sweet, Gourmand, Fresh, Woody"
106,"Bergamot, Leaves, Peach, Pollution | Aquatic notes, Lily of the valley, Rose | Amber, Musk, Sandalwood | Solid Cologne"
107,"Bergamot, Spicy notes, Zenthorium | Jasmine, Patchouli | Cedarwood, Sandalwood, White musk, Flabtus | Solid Cologne"
108,"Orange zest, Fermented Almond | American oak wood absolute, Indian Bourbon vanilla, Moroccan damask rose, Disgust | Amber, Indian patchouli | Solid Cologne"
109,"Bergamot, Lemon, Rosemary | Violet, Lavender, Tonka bean, Decay | Patchouli, Vanilla, Vetiver, Skunk"
110,"Bergamot, Mandarin orange, Orange, Orange blossom, Nebulonix | Jasmine, Mimosa, Turkish rose, Ylang-ylang, Sock | Opoponax, Patchouli, Tonka bean, Vanilla, Vetiver, White musk, Fume"
111,"Lavender, Orange blossom | Patchouli, Rose | Vanilla, Amber, Oakmoss | Accords: Spicy, Sweet, Floral, Green, Powdery | Perfume"
112,"Lavender, Orange blossom | Patchouli, Rose | Vanilla, Amber, Oakmoss | Solid Perfume"
113,"Rose absolute, Mud | Chocolate, Plum, Vanilla absolute, Putridity | Thai oud, Ambergris, Musk, Patchouli, Sandalwood, Onion | Accords: Floral, Woody, Oriental, Spicy, Sweet"
114,"Green lilac, Mandarin orange, Corn mint | Amaryllis, Guinea pepper, Peach, Water lily | Musk, Vanilla, Blue atlas cedar | Accords: Floral, Fresh, Aquatic, Fruity, Citrus"
115,"Bergamot, Black pepper, Cypress, Lavender, Tangerine | Cinnamon, Clove, Hay, Juniper, Patchouli | Amber, Ambergris, Cedarwood, Civet, Gaiac wood, Musk, Oud, Sandalwood, Tonka bean, Vanilla, Vetiver"
116,"Bergamot, Peach, White tea | Jasmine, Frangipani, Tuberose | Ambroxan, Musk, Vanilla, Sandalwood, Vetiver | Accords: Floral, Fresh, Citrus, Fruity, Sweet"
117,"Grapefruit, Bergamot, Lemon | Green apple, Air accord, Solar note | Vanilla, Blond woods, Patchouli | Accords: Citrus, Sweet, Fruity, Synthetic, Woody"
118,"Bergamot, Bulgarian rose, Cinnamon, Iris, Opoponax, Pink pepper, Turkish rose absolute, Violet, Diesel | Patchouli, Vanilla, Charcoal | Sandalwood, Amber, Musk, Tonka bean | Accords: Powdery, Floral"
119,"Aldehydes, Bergamot, Lemon, Neroli, Ylang-ylang | Jasmine, Lily of the valley, Rose | Amber, Civet, Musk, Patchouli, Sandalwood, Vanilla, Vetiver"
120,"Amber, Rose, Ylang-ylang | Amber, Geranium, Cotton candy, Sandalwood, Asphalt | Patchouli, Benzoin, Frankincense, Tonkin musk, Vanilla, Sandalwood, Stalebread | Accords: Sweet, Oriental, Floral, Spicy, Powdery"
121,"Mango, Coconut, Pink pepper | Jasmine sambac, Iris, Orchid | Vanilla, Amber, Musk, Patchouli, Tonka bean | Accords: Fruity, Sweet, Creamy, Floral, Spicy"
122,"Vervain | Rose | Leather, Tobacco | Accords: Floral, Leathery, Green"
123,"Bergamot, Caraway, Davana, Rose oxide | Chocolate, Cypriol, Rose | Amber, Leather, Musk, Raspberry, Sandalwood, Vanilla"
124,"Italian bergamot, Grapefruit, Clary sage, Plonktar | Jasmine, Peony, Fish | Almond, Powder, Precious woods, Rose, Musk, Benzoin Siam, Indonesian patchouli, Vanilla, Clove | Accords: Floral, Sweet, Powdery, Spicy, Woody"
125,"Jasmine, Lily, Magnolia, Ylang-ylang | Black pepper, Honey, Mandarin orange nectar, Sandalwood | Amber"
126,"Bergamot, Black pepper, Grapefruit, Lemon, Nutmeg | Cedarwood, Geranium, Ginger, Jasmine | Amber, Frankincense, Moss, Patchouli, Sandalwood, Tonka bean, Vetiver"
127,"Salt, Bergamot, Rosemary | Aquatic notes, Mint | White musk, Cedarwood, Gaiac wood, Patchouli | Accords: Aquatic, Fresh, Spicy, Green, Woody"
128,"Coriander, Peppermint, Bergamot, Lavender | Red pepper, Patchouli, Cedarwood | Coffee, Tonka bean, Musk, Styrax | Accords: Gourmand, Spicy, Sweet, Oriental, Woody"
129,"Lavender, Bergamot, Coriander, Peppermint | Caramel, Patchouli, Cedarwood, Honey, Lily of the valley, Jasmine | Coffee, Tonka bean, Amber, Benzoin, Musk, Vanilla, Sandalwood, Styrax | Accords: Sweet, Gourmand, Spicy, Oriental, Woody"
130,"Mint | Egyptian geranium | Indonesian patchouli | Accords: Fresh, Sweet, Gourmand, Green, Spicy"
131,"Honeyed tobacco | Cocoa, Patchouli | Ambergris, Labdanum, Styrax | Accords: Sweet, Gourmand, Spicy, Oriental, Woody"
132,"Juniper berry, Mint | White pepper, Cardamom | Patchouli, Sequoia | Accords: Fresh, Spicy, Woody, Citrus, Aquatic"
133,"Fresh notes | Aromatic notes | Musk, Patchouli, Woods | Accords: Fresh, Animal, Aquatic, Spicy, Woody"
134,"Blood orange, Tangerine, Ginger, Mint | Coffee, Cinnamon, Black pepper | Patchouli, Vanilla, Tonka bean | Accords: Sweet, Fruity, Citrus, Gourmand, Fresh"
135,"Mandarin orange, Red pepper | Linden blossom, Jasmine sambac, Magnolia | Cedarwood, Iris | Accords: Fresh, Floral, Green, Citrus, Spicy"
136,"Omani frankincense, Damask rose | Egyptian calamus, Jordan patchouli, Myrrh, Sandalwood, Oud, Benzoin | Amber"
137,"Fig leaf, Pepper leaf | Atlas cedar, Virginia cedar | Australian sandalwood, Bourbon vanilla, Moss, White musk | Accords: Spicy, Woody, Sweet, Smoky, Green"
138,"Indian black pepper, Italian bergamot | Iris, Violet leaf | Virginia cedar, Amber, Ambroxan, Gaiac wood, Haitian vetiver, Suede, White musk | Accords: Powdery, Woody, Spicy, Fresh, Sweet"
139,"Bergamot, Guatemala cardamom | Cyclamen, Tonka bean | Cashmeran, French iris, Haitian vetiver, Virginia cedar, White musk | Accords: Woody, Spicy, Creamy, Fresh, Floral"
140,"Bergamot, Caipirinha, Cardamom, Pepper, Grebzor | Aromatic notes, Nutmeg, Violet leaf | Cedarwood, Patchouli, Vetiver, Vorptal | Accords: Fresh, Woody"
141,"Pine needle absolute, Spices, Angelica, Fir needle | Bulgarian rose otto, Orris concrete, Bulgarian rose absolute, Jasminum grandiflorum, Oak wood CO2 | Amber, Ambergris, Benzoin Siam, Castoreum, Frankincense, Frankincense CO2 absolute, Labdanum, Birch tar, Bourbon vanilla, Cistus absolute, East indian patchouli, Elemi resin, Fossilised amber, Myrrh, Texas cedar | Accords: Smoky, Resinous, Animal, Spicy, Woody | Eau de Parfum"
142,"Pine needle absolute, Spices, Angelica, Fir needle | Bulgarian rose otto, Orris concrete, Bulgarian rose absolute, Jasminum grandiflorum, Oak wood CO2 | Amber, Ambergris, Benzoin Siam, Castoreum, Frankincense, Frankincense CO2 absolute, Labdanum, Birch tar, Bourbon vanilla, Cistus absolute, East indian patchouli, Elemi resin, Fossilised amber, Myrrh, Texas cedar | Extrait"
143,"Aldehydes, Amber, Coconut, Milk, Saffron, Sandalwood, Spicy notes, Woody notes | Chamomile, Cumin, Floral notes, Geranium, Green notes, Herbaceous notes, Honey, Mossy notes, Rose, Rosewood | Cedarwood, Cinnamon, Earthy notes, Earthy notes, Musk, Sandalwood, Vetiver, Woods"
144,"Cyclamen, Peach, Saffron | Maté, Taif rose, Vanilla blossom | Amberwood, Leather, Patchouli | Accords: Floral, Woody, Oriental, Resinous | Eau de Parfum"
145,"Cyclamen, Peach, Saffron | Maté, Taif rose, Vanilla blossom | Amberwood, Leather, Patchouli | Accords: Leathery, Synthetic, Spicy, Floral, Smoky | Extrait"
146,"Bergamot, Chamomile, Mugwort, Peach, Saffron | Castoreum, Tulip tree, Vetiver | Amber, Iris, Musk, Vanilla"
147,"Air accord, Black pepper, Dust | Immortelle, Paper, Tobacco, Zenthorium | Amber, Sandalwood, Vanilla, Zarquon | Accords: Woody, Creamy, Powdery, Sweet, Smoky"
148,"Lemon, Rose | Orchid, Powdery notes, Rose, Saffron, Spices | Amber, Musk, Oud, Patchouli, Sandalwood, Vanilla"
149,"Floral notes, Fruity notes, Spicy notes | Floral notes, Spicy notes | Musky notes, Woody notes"
150,"Green notes, Saffron | Coffee, Tobacco, Woody notes | Amber, Frankincense, Musk, Oud"
151,"Bergamot, Peony | Cashmere, Musk, Rose | Amber, Cedarwood, Vanilla, Woody notes"
152,"Lavender, Mandarin orange, Mint | Black pepper, Leather, Violet | Amber, Jasmine, Sandalwood, Vanilla"
153,"Frankincense, Grapefruit, Pink pepper | Patchouli, Rose, Pungidity | Ambroxan, Musk, Sandalwood | Accords: Fresh, Synthetic, Woody, Floral, Citrus"
154,"Cumin, Nutmeg, Rose | Amber, Woody notes | Amber, Musky notes | Accords: Woody, Spicy, Oriental, Floral, Sweet"
155,"Bergamot, Ginger | Damask rose, Geranium, Violet | Musk, Patchouli, Saffron, Sandalwood, Vanilla"
156,"Pineapple, Bergamot, XylophazQ | Red apple, Cardamom, Jasmine, Skunk | Tonka bean, Ambergris, Oakmoss, White cedar | Accords: Fruity, Sweet, Woody, Fresh, Spicy"
157,"Dark chocolate, Bergamot, Grapefruit | Cardamom, Coriander, Fennel | Chili, Cocoa absolute, Black pepper | Accords: Gourmand, Sweet, Spicy, Oriental, Powdery"
158,",  | Bakhoor"
159,",  | Bakhoor"
160,",  | Bakhoor"
161,"Unknown | Pink Pepper, Geranium, Mellot, Jasmine | swede, amber | Men | Eau de Toilette"
162,"Apple, Bergamot, Blackcurrant | Caramel, Cedarwood, Patchouli | Ambergris, Musk, Pomegranate"
163,"Rose, Saffron | Cypriol | Oud, Sandalwood, Musk | Accords: Oriental, Woody, Fruity, Earthy, Floral"
164,"Blackcurrant leaf, Fresh notes, Passion fruit, Peach, Raspberry, Decay | Heliotrope, Jasmine, Lily of the valley, Spoiled Meat | Musk, Patchouli, Sandalwood, Vanilla"
165,Pineapple | Leather | Oud
166,"Orange blossom, Lemon, Rosemary, Staleness | Geranium, Clary sage, Lily of the valley, Quarklox | Oakmoss, Musk, Sandalwood, Zenthorium | Accords: Oriental, Citrus, Spicy, Fruity, Woody"
167,"Blackberry, Mandarin orange zest, Pear sorbet | Iris, Jasmine, Orange blossom | Musk, Patchouli, Sandalwood, Vanilla sugar"
168,"Italian strawberry, Brazilian orange, Italian blackcurrant | Coumarin, Cuban sugar cane, South American tonka bean, Algae, Ambergris | Musk, Singapore patchouli, Atlas cedar, Italian oakmoss, Australian sandalwood | Accords: Fruity, Sweet, Synthetic, Woody, Fresh"
169,"Spicy notes | Green notes | Woody notes | Accords: Gourmand, Spicy, Powdery, Oriental, Woody"
170,"Indian oud | Musk, Taif rose | Amber | Accords: Floral, Woody, Oriental, Spicy, Animal"
171,"Bergamot, Osmanthus, Raspberry | Iris, Jasmine, Orange blossom | Patchouli, Sandalwood, Vanilla | Accords: Sweet, Synthetic, Oriental, Fruity, Fresh"
172,"Vanilla | Musk | Sandalwood | Accords: Sweet, Oriental, Woody, Creamy | Eau de Parfum"
173,Vanilla | Musk | Sandalwood | Perfume Oil
174,"Apple, Lemon, Mandarin orange | Patchouli, Peach | Raspberry, Vanilla"
175,"Bergamot, Pineapple | Cedarwood, Jasmine, Patchouli | Amber, Moss"
176,"Bergamot, Lavender, Saffron, Ylang-ylang | Amber, Cedar, Geranium, Jasmine, Rose | Cedar, Musk, Patchouli, Sandalwood | Accords: Synthetic, Oriental, Fruity, Sweet, Floral"
177,"Bergamot, Blackberry, Fruity notes, Green notes, Menthol, Tangerine | Caramel, Cedar, Coffee bean, Honey, Jasmine, Patchouli | Amber, Benzoin, Coffee, Musk, Patchouli, Sandalwood, Tonka bean, Vanilla"
178,"Mandarin orange, Odor | Honey, White chocolate, Sock | Caramel, Vanilla, Melting Plastic"
179,"Bergamot, Blackcurrant, Pineapple | Orange blossom, Peach, Rose, Tonka bean | Musk, Patchouli, Vanilla"
180,"petitgrain, cardamom, lemon, orange, sea notes | Jasmine, Rosemary, Rose, Lily-of-the-valley, Sage | Vetiver, Musk, Oakmoss, Brazilian Rosewood, Sandalwood. | Men | Eau de Cologne"
181,"grapefruit, passionfruit, magnolia, | orange blossom, butterfly orchid | tonka bean, amber. | Women | Eau de Parfum"
182,"Mandarin orange, Clementine, Grapefruit | Freesia, Melon, Violet, Amaryllis, Lily | Amber, Bourbon vanilla, Musk, Vetiver | Accords: Floral, Powdery"
183,"Lemon, Rosemary, Absinth, Bergamot | Lavender, Tuberose, Lily, Rose | Patchouli, Vetiver, Leather | Accords: Floral, Spicy, Woody, Sweet, Green"
184,"Pomegranate, Yuzu | Magnolia, Peony | Amber, Aquatic notes, Lotus, Musk, Sequoia, Stench"
185,"Cypress, Rum, Saffron | Cinnamon, Oud, Plum | Amber, Benzoin, Vanilla"
186,"Bergamot, Lemon, Pink pepper | Cardamom, Mugwort, Violet | Cedar, Gaiac wood, Musk, Patchouli, Vetiver | Accords: Smoky, Sweet, Green, Citrus, Spicy"
187,"Grapefruit, Lemon, Mandarin orange | Lily, Orchid, Rose | Amberwood, Sandalwood, Vanilla, White musk | Accords: Citrus, Woody, Fresh, Sweet | Eau de Parfum"
188,"Grapefruit, Lemon, Mandarin orange | Lily, Orchid, Rose | Amberwood, Sandalwood, Vanilla, White musk | Accords: Sweet, Aquatic, Creamy, Fresh, Floral | Perfume Oil"
189,"Neroli, Sewage | Orchid, Grim | Musk, Vanilla, Ylang-ylang, Vorplaxa | Solid Perfume"
190,"Aniseed, Grapefruit | Lavender, Raspberry | Heliotrope, Woody notes | Accords: Synthetic, Woody, Fruity, Floral, Sweet"
191,"Bergamot, Pepper, Cardamom, Lemon, Mandarin orange, Nutmeg | Rose, Herbs, Jasmine, Ylang-ylang | Suede, Sandalwood, Amber, Oakmoss, Patchouli | Accords: Spicy, Fresh, Woody, Smoky, Resinous"
192,"Mandarin orange, Pink pepper | Jasmine, Nutmeg | Patchouli, Vetiver | Accords: Synthetic, Woody, Oriental, Spicy, Animal"
193,"Bergamot, Meyer lemon, Mimosa, Mint | Jasmine sambac, Rose, Yuzu | Galbanum"
194,"Grapefruit, Pink pepper, Acid | Lavender, Ambrox | Cedarwood, Tonka bean | Accords: Fresh, Aquatic, Citrus, Spicy, Synthetic"
195,"Apple, Grapefruit | Jasmine, Lily | Amber, Tonka bean | Accords: Synthetic, Citrus, Spicy, Woody, Fruity | After Shave"
196,"Apple, Grapefruit | Jasmine, Lily | Amber, Tonka bean | Accords: Fresh, Spicy, Synthetic, Fruity, Woody | Eau de Toilette"
197,"Mandarin orange, Bergamot, Coriander seed, Lavender, Lemon, Tagetes | Iris, Jasmine, Osmanthus, Orange blossom, Rose | Patchouli, Musk, Sandalwood, Benzoin, Mexican vanilla, Oak wood, Tonka bean, Vetiver | Accords: Floral, Sweet, Spicy, Synthetic, Fruity"
198,"Blood orange, Apple, Fruits, Strawberry | Iris, Rose, Violet | Amber, Sandalwood, Tonka bean, Vanilla | Accords: Floral, Citrus, Fruity, Fresh, Sweet"
199,"Cognac, Gymwear | Cinnamon, Oakmoss, Tonka bean | Praliné, Sandalwood, Vanilla, Swamp | Accords: Oriental, Spicy, Sweet, Woody, Gourmand"
200,"Floral notes, Fresh notes | Floral notes | Woody notes | Accords: Woody, Floral, Oriental, Fresh, Spicy"
201,"Bergamot, Rose, Noxiousness | Gardenia, Orange blossom | Cedarwood, Musk, Patchouli"
202,"Aldehydes, Indian pepper, Italian bergamot | Scottish hawthorn, French lily-of-the-valley, Sandalwood | La Réunion vanilla, Peru balsam, Tonka bean, White musk | Accords: Floral, Sweet, Woody, Creamy, Oriental"
203,"Bergamot, Coriander, Lavender | Amber, Pepper, Rose | Amber, Musk, Sandalwood, Vetiver"
204,"Peach, Bergamot, Dried fruits | Tuberose, Ylang-ylang, Jasmine, Narcissus, Osmanthus | Vetiver, Cedar, Musk, Amber, Tonka bean | Accords: Floral, Fruity, Sweet, Creamy, Green"
205,"Mandarin orange, Orange, Spicy notes | Coriander, Peony, Rose | Musk, Sandalwood, Vanilla"
206,"Citrus notes, Spicy notes | Geranium, Lavender, Violet leaf | Cedar, Oakmoss, Vetiver"
207,Oud
208,"Bergamot | Jasmine | Tonka Bean, Vanilla | Unisex | Eau de Parfum"
209,Patchouli
210,"Leather, Oakmoss, Patchouli"
211,"Rose, Saffron | Vanilla | Praline | Unisex"
212,"Moss, Musk, Vanilla, Honey"
213,"Coriander | Ylang Ylang | Amber, Caramel | Unisex"
214,"Orange, Plum | Apricot, Lily of the valley | Amber, Vanilla"
215,"Elemi resin, Green apple, Mildew | Aquatic notes, White blossoms | Patchouli"
216,"Absinth, Violet leaf | Leather, Nutmeg, Rose | Amber, Gaiac wood, Musk, Vetiver, Patchouli | Accords: Woody, Green, Spicy, Leathery, Sweet"
217,"Aromatic notes, Bergamot, Green leaves, Lavender | Cedarwood, Geranium, Patchouli | Amber, Elemi resin, Heliotrope, Moss"
218,"Frankincense, Pink pepper, Damp | Amber, Oud | Leathery notes, Musk, Vanilla"
219,"Bergamot, Cinnamon, Pink pepper, Saffron, Acid | Geranium, Patchouli, Rosa centifolia | Amber, Gaiac wood, Oud | Accords: Floral, Oriental, Sweet, Animal"
220,"Vermouth, Green mandarin orange, Lavender | Vermouth, Heliotrope, Rhubarb | Amberwood, Leather, Vetiver | Accords: Green, Spicy, Woody, Leathery, Fresh"
221,"Apple, Kumquat, Passion fruit | Clary sage, Juniper berry, Patchouli | Amber, Leather, Tonka bean | Aftershave Eau de Toilette"
222,"Black pepper, Coriander, Frankincense, Myrrh, Oud | Gaiac wood, Sandalwood | Amber, Leather, Musk"
223,"Blackcurrant, Grapefruit, Bergamot, Lemon, Ginger | Pineapple, Cardamom, Patchouli, Pink pepper, Cinnamon | Ambroxan, Cashmere wood, Haitian vetiver, Musk, Labdanum, Oakmoss | Accords: Fruity, Fresh, Citrus, Spicy, Woody | Unisex | EDP"
224,"Bergamot, Cardamom, Cinnamon, Nutmeg, Acid | Cedarwood, Gaiac wood, Rose, Rotting Flower | Amber, Frankincense, Peru balsam, Vanilla"
225,"Orange leaf, Lemon, Bergamot, Blackcurrant bud, Mandarin orange | Orange blossom, Iris | Cedarwood, Oakmoss, Vetiver | Accords: Citrus, Floral, Fresh, Fruity, Spicy"
226,"Benzoin | Honey, Opoponax, Coumarin | Vanilla absolute, Patchouli | Accords: Sweet, Spicy, Gourmand, Powdery, Resinous"
227,"Coconut, Passion fruit, Peach, Raspberry, Sicilian lemon, Sicilian orange, Violet leaf | Damask rose, Honeysuckle, Smoked wood | Benzoin Siam, Bourbon vanilla, Labdanum, Peru balsam, Thai oud | Accords: Sweet, Fruity, Gourmand, Woody, Smoky"
228,"Bergamot, Ginger, Pink pepper | Cedarwood, Jasmine, Oak | Musk, Oakmoss, Patchouli, Vanilla, Spoiled Spice"
229,"Fig leaf, Mandarin orange | Orange blossom, Tuberose, White blossoms | Sandalwood, Amber, Tonka bean, Vanilla | Accords: Oriental, Floral, Woody, Spicy, Powdery"
230,"Cherry, Liqueur | Cherry syrup, Caramel, Strawberry, Turkish rose, Manure | Tonka bean, Vanilla, Sandalwood, Vetiver, Dankness | Accords: Fruity, Sweet, Gourmand, Synthetic, Spicy | Eau Fraîche"
231,"Mandarin orange, Fig leaf | Orange blossom, Lily, Rose, Pepper | Tolu balm, Benzoin, Labdanum, Cedar | Accords: Spicy, Oriental, Floral, Sweet, Woody"
232,"Osmanthus absolute, Plum, Pink pepper | Tolu balm, Jasmine sambac | Sandalwood, Dry woods, Labdanum, Vanilla | Accords: Floral, Woody, Fruity, Sweet, Spicy | Eau de Parfum"
233,"Osmanthus absolute, Plum, Pink pepper | Tolu balm, Jasmine sambac | Sandalwood, Dry woods, Labdanum, Vanilla | Accords: Floral, Woody, Creamy, Fruity, Spicy | Extrait de Parfum"
234,"Black pepper, Cypress, Papyrus, Rain accord, Scots pine, Sweet gale | Hemlock fir, Iris, Red clover | Birch tar, Labdanum, Myrrh, Tonka bean, Vetiver, Malodor"
235,"Rosa alba, Stench | Jasmine, Lily, Lily of the valley, Magnolia, Tuberose, Rankness | Sandalwood, White musk"
236,"Bergamot | Cardamom | Roasted barley | Accords: Sweet, Spicy, Fruity, Woody, Resinous"
237,"Bergamot, Magnolia, Mandarin orange, Melon, Peach, Pear | Jasmine, Orchid, Plum, Rose | Amaranth, Blackberry, Musk | Accords: Creamy, Green, Woody, Floral"
238,"Caraway, Jasmine, Leather, XylophazQ | Frankincense, Oud, Patchouli, Saffron | Amber, Cedarwood, Labdanum, Sandalwood, Vetiver"
239,"Bergamot, Rosemary, Lavender, Mint, Sage | Geranium, Neroli, Sandalwood, Jasmine | Musk, Cedarwood, Amber, Oakmoss | Accords: Aquatic, Fresh, Synthetic, Green, Spicy"
240,"Bergamot, Elemi resin, Grapefruit, Sichuan pepper | Geranium, Patchouli, Provençal lavender, Sage | Amberwood, Mineral amber, Moss, Sandalwood"
241,"Blossoms | Blossoms | Musk, Woods"
242,"Bergamot, Cardamom, Cinnamon, Ginger, Lime, Saffron | Carnation, Damask rose absolute, Iris, Magnolia, Mimosa, Tuberose, Violet, Rot | Amber, Cashmere, Cedar, Musk, Oakmoss, Patchouli, Sandalwood, Vanillin, Vetiver | Accords: Oriental, Sweet, Floral, Spicy, Woody"
243,"Italian citrus fruits, Pink pepper | Cedarwood, Patchouli | Leather, Sandalwood | Accords: Leathery, Spicy, Woody, Sweet, Citrus"
244,"Mandarin orange, Grapefruit, Black pepper | Lily of the valley, Violet leaf | Amberwood, Tonka bean, Vanilla | Accords: Synthetic, Citrus, Spicy, Woody, Fruity | After Shave"
245,"Mandarin orange, Grapefruit, Black pepper | Lily of the valley, Violet leaf | Amberwood, Tonka bean, Vanilla | Accords: Sweet, Fruity, Synthetic, Fresh, Spicy | Eau de Toilette"
246,"Green notes, Ozone | Floral notes, Spices | Precious woods, Amber, Musk | After Shave"
247,"Green notes, Ozone | Floral notes, Spices | Precious woods, Amber, Musk | Accords: Citrus, Green, Aquatic, Fresh, Gourmand | Eau de Toilette"
248,"Freesia, Bergamot, Osmanthus | Rose, Peony, Saffron | Amber, Musk, Patchouli, Sandalwood, Vanilla | Accords: Floral, Sweet, Spicy, Woody, Oriental"
249,"Bergamot, Melon, Sicilian lemon, Onion | Jasmine, Orange blossom, Tuberose | Amber, Coconut, Musk, Rosewood, Grunge"
250,"Lemon, Pineapple, Pink pepper, Manure | Jasmine, Hyacinth, Iris, Moldy Wallpaper | Patchouli, Vetiver, White musk, Amber | Accords: Fruity, Fresh, Earthy, Floral, Sweet"
251,"Almond | Almond blossom, Orange blossom | Musk, Sandalwood, Tonka bean, Vanilla | Accords: Spicy, Woody, Floral, Sweet, Powdery"
252,"Aldehydes, Marine notes, Orange, Red mandarin orange | Pepper, Bitter orange blossom, Cedarwood | White musk, Vanilla, Amber, Elemi resin, Tonka bean, Vetiver | Accords: Fresh, Citrus, Sweet, Aquatic, Creamy"
253,"Pink grapefruit | Pink pepper | Amber, Vanilla | Accords: Fruity, Floral, Fresh, Synthetic, Powdery | Eau de Parfum"
254,"Pink grapefruit | Pink pepper | Amber, Vanilla | Accords: Sweet, Fruity, Synthetic, Floral, Fresh | Eau de Toilette"
255,"Bergamot, Rum absolute | Pineapple, Geranium, Nausea | Vanilla, Vetiver, Contamination | Accords: Fruity, Fresh, Citrus, Sweet, Green"
256,"Blackcurrant, Grapefruit, Lemon, Pink pepper | Chamomile, Raspberry, Rose | Ambergris, Cedar, Patchouli"
257,"Coriander, Frankincense, Galbanum, Honey, Leathery notes | Jasmine, Moroccan rose, Tuberose, Cedarwood, Laotian oud, Mysore sandalwood | Ambergris, Balm of Gilead, Labdanum, Myrrh, Oakmoss, Patchouli, Styrax, Vanilla absolute | Accords: Floral, Woody, Oriental, Green, Smoky"
258,"Bergamot, Mandarin orange, Orange, Pineapple | Amber, Jasmine, Ozone, Rose, Violet | Birch, Cedarwood, Oud, White musk"
259,"Bell pepper, Mandarin orange, Red berries | Jasmine, Heliotrope, Orange blossom | Amber, Cedarwood, Patchouli | Accords: Fruity, Synthetic, Floral, Spicy, Sweet"
260,"Blackcurrant, Mandarin orange | Chamomile, Jasmine, Valerian | Amber, Musk, Patchouli, Sandalwood, Tonka bean, Vanilla | Accords: Sweet, Spicy, Gourmand, Oriental, Woody"
261,"Raspberry, Pink pepper, Rose water | Rose macaron, Hawthorn, Jasmine | Vanilla, Musk | Accords: Sweet, Fruity, Floral, Synthetic, Powdery"
262,"Apricot, Bergamot, Blackberry, Hyacinth, Peach, Rose | Bergamot, Hyacinth, Mandarin orange, Rose | Blossoms, Musk"
263,"Red thyme, Saffron | Black pepper, Jasmine, Magnolia | Ambergris, Benzoin, Musk, Oud, Precious woods, Tolu balm"
264,"Bergamot, Cardamom, Pink pepper | Cinnamon, Coffee, Geranium, Tonka bean | Ambergris, Frankincense, Labdanum, Patchouli, Vanilla"
265,"Pink pepper, Rhubarb, Roots | Cedarwood, Patchouli, Sandalwood, Tonka bean | Ambergris, Ambrette, Labdanum, Musk, Vanilla"
266,"Saffron, Cinnamon, Almond | Apple, Toffee | Driftwood, Ambergris, Chocolate, Musk, Oakmoss, Caramel | Accords: Spicy, Synthetic, Oriental, Woody, Earthy"
267,"Aromatic notes, Citrus notes | Amaretto, Floral notes | Cedar, Musk"
268,"Grapefruit, Rhubarb | Nutmeg, Jasmine | Benzoin, Haitian vetiver, Tobacco | Accords: Spicy, Synthetic, Citrus, Fresh, Woody"
269,"Marjoram, Bergamot, Bitter orange, Lemon, Mothball | Cyclamen, Jasmine, Water lily | Ambergris, White musk, Algae, Cedarwood | Accords: Citrus, Floral, Fresh, Woody, Spicy"
270,"Thyme, Sichuan pepper, Pineappleweed, Coriander, Mountain pepper | Cinnamon, Clove, Saffron | Indian sandalwood, Indian oud, Liatris spicata, Styrax, Vetiver | Accords: Spicy, Oriental, Animal, Green, Leathery"
271,"Bergamot, Mandarin orange, Rhubarb | Geranium, Ginger, Osmanthus | Caramel, Patchouli, Sandalwood, Vanilla"
272,"Raspberry, Lemon | Violet leaf, Rose | Musk, Cedarwood, Civet | Accords: Fruity, Sweet, Floral, Powdery, Synthetic"
273,"Cardamom, Mandarin orange, Grapefruit | Apple, Rose | Leather, Musk, Woods | Accords: Woody, Oriental, Fruity, Spicy, Floral"
274,"Oud | Rose | Musk, Amber | Bakhoor"
275,Oud | Woods | Wild Roses | Bakhoor
276,"Lily of the valley, Saffron | Carnation, Jasmine, Rose | Amber, Musk, Oud | Accords: Floral, Woody, Oriental, Animal, Smoky"
277,"Jasmine sambac | Cashmeran, Vanilla, Amber, Woody notes | White amber | Accords: Powdery, Sweet, Woody, Gourmand, Floral"
278,"Black pepper, Green notes, Lemon | Jasmine, Lavender, Patchouli | Musk, Red cedar, Vetiver"
279,"Calypsone®, Black pepper, White pepper | Ambrofix, Atlas cedar, Sandalwood | Sylkolide™, Cosmone, Styrax | Accords: Aquatic, Animal, Smoky, Green, Synthetic"
280,"Aldehydes, Bergamot, Citrus fruits, Galbanum, Lemon, Rosemary | Geranium, Jasmine, Lily of the valley, Mint, Violet | Amber, Musk, Oakmoss, Sandalwood, Woody notes"
281,"Mandarin orange | Spearmint, Putrescence | Calypsone®, Lavender, Patchouli, Putrescence"
282,"Black cherry | Acacia, Freesia, Ginger, May rose | Amber, Cedarwood, Patchouli | Accords: Floral, Fresh, Green, Woody, Spicy"
283,"Ylang-ylang, Bulgarian rose | Jasmine, Orange blossom, Pineapple | Ambergris, Musk | Accords: Floral, Spicy, Animal, Sweet, Powdery | Eau de Parfum"
284,"Ylang-ylang, Bulgarian rose | Jasmine, Orange blossom, Pineapple | Ambergris, Musk | Accords: Floral, Sweet, Animal, Creamy, Spicy | Parfum"
285,"Bergamot, Orange blossom | Freesia, Neroli | Benzoin, Musk, Sewage | Accords: Floral, Fresh, Powdery, Sweet"
286,"Lemon, Bergamot | Rose, Violet, Patchouli | Amber, Musk | Accords: Floral, Fresh, Sweet"
287,"Cardamom, Geranium leaf | Violet leaf, Iris, Leather | Amber, Vanilla | Accords: Spicy, Fresh, Woody, Green, Floral | Eau de Cologne"
288,"Cardamom, Geranium | Bay leaf, Leather, Violet leaf, Iris | Cistus, Frankincense, Amber, Vanilla, Vetiver | Accords: Spicy, Floral, Fresh, Woody, Green | Eau de Parfum"
289,"Jasmine, Hyacinth, Iris | Musk, Pineapple, Woods | Amber, Patchouli | Accords: Oriental, Woody, Fruity, Floral, Sweet"
290,"Apple, Bergamot, Blackcurrant, Coconut, Lemon, Mandarin orange, Pineapple, Red fruits | Jasmine, Sweet notes, Woody notes, Ylang-ylang | Amber, Musk, Patchouli, Sandalwood, Tonka bean, Vanilla | Accords: Sweet, Floral, Fruity, Fresh, Woody"
291,"Fruity notes, Green notes | Eucalyptus, Stone pine | Egyptian jasmine, Lily of the valley, Bulgarian rose | Accords: Floral, Fruity, Sweet, Green, Fresh"
292,"Hyacinth, Pineapple | Pink pepper, Iris, Jasmine | Musk, Amber, Vanilla, Patchouli, Vetiver | Accords: Floral, Fruity, Fresh, Sweet, Powdery"
293,"Hyacinth, Pineapple | Iris, Jasmine, Pink pepper | Musk, Amber, Vanilla, Patchouli, Vetiver | Accords: Fruity, Floral, Fresh, Sweet, Citrus | Unisex | edp"
294,"Vanilla | Pastry, Sandalwood, Vanilla | Almond, Styrax, Vanilla | Accords: Synthetic, Gourmand, Powdery, Sweet"
295,"Peach, Apricot | Coconut | Butter, Pastry, Vanilla | Accords: Sweet, Gourmand, Fruity, Powdery, Spicy"
296,"Champagne, Pineapple, Vanilla | Dulce de leche, Vanilla | Gardenia, Tonka bean, Vanilla | Accords: Gourmand, Sweet, Woody, Floral, Fruity"
297,"Vanilla | Vanilla, Sandalwood | Vanilla, Styrax | Accords: Gourmand, Sweet, Creamy, Spicy, Woody"
298,"Magnolia, Pink pepper, Moplonk | Gardenia, Rose, Mildew | Musk, Patchouli, Vanilla"
299,"Bergamot, Cedar leaf, Mandarin orange | Lavender absolute, Clary sage, Violet leaf | Amber, Musk, Haitian vetiver, Carrion | Accords: Fresh, Synthetic, Citrus, Sweet, Aquatic"
300,"Blackcurrant bud, Jasmine | Blackberry, Black pepper | Amber, Musk, Heliotrope | Accords: Floral, Fruity, Spicy, Sweet, Powdery | Eau de Parfum"
301,"Blackcurrant bud, Jasmine | Blackberry, Black pepper | Amber, Musk, Heliotrope | Accords: Fruity, Floral, Powdery, Sweet, Woody | Parfum"
302,"Coffee, Pepper | Frankincense, Sage | Ginger, Patchouli | Accords: Creamy, Earthy, Oriental, Spicy, Sweet"
303,"Bergamot, Lotus, Yuzu | Heliotrope, Honeysuckle, Jasmine | Sandalwood, Tonka bean, Vanilla"
304,"Bergamot, Galbanum, Lemon, Neroli, Sewer | Geranium, Iris, Mimosa, Narcissus, Rose, Sage, Violet | Almond, Cedarwood, Oakmoss, Tonka bean, Vetiver, Spoiled Meat"
305,"Blackberry, Saffron | Leather, Clary sage | Oud, Musk, Patchouli | Accords: Woody, Spicy, Leathery, Fruity, Sweet"
306,"Blackcurrant, Peach | Clove, Jasmine, Violet | Patchouli, Tuberose, Vanilla | Accords: Floral, Fruity, Powdery, Chypre, Gourmand"
307,"Apple, Iris, Lemon, Pink pepper, Plum | Jasmine, Lily of the valley, Orange blossom, Violet, Ylang-ylang | Amber, Musk, Sandalwood, Tonka bean, Vanilla"
308,"Kiwi, Mandarin orange, Petitgrain | Angelica, Freesia, Jasmine, Lily of the valley, Violet, Ylang-ylang | Cedar, Moss, Musk, Sandalwood, Tonka bean, Vetiver"
309,"Bergamot, Blackcurrant, Grapefruit, Peach, Pear, Raspberry | Freesia, Rose, Violet | Amber, Musk, Patchouli"
310,"Bergamot, Grapefruit, Mandarin orange, Pear | Green notes, Jasmine, Lily of the valley, Red fruits, Tiaré | Amber, Benzoin, Cedar, Musk"
311,"Blackberry, Blackcurrant, Neroli, Prunella®, Red apple | Jasmine, Lily of the valley, Rose, Ylang-ylang | Musk, Sandalwood, Vetiver | Accords: Fresh, Fruity, Spicy, Floral"
312,"Bitter orange, Mandarin orange, Lemon, Ylang-ylang | Jasmine, Petitgrain, Thyme, Plum | Cedar, Patchouli, Vanilla, Amber | Accords: Fruity, Citrus, Fresh, Floral, Sweet"
313,"Brazilian orange, Italian lemon, Italian mandarin orange, Italian bergamot, Grapefruit | Ebony, Black pepper, Egyptian geranium, Indonesian patchouli, Provençal lavender | Amber, Philippine elemi, Sandalwood, Spanish labdanum, Oakmoss | Lozione Dopobarba"
314,"Brazilian orange, Italian lemon, Italian mandarin orange, Italian bergamot, Grapefruit | Ebony, Black pepper, Egyptian geranium, Indonesian patchouli, Provençal lavender | Amber, Philippine elemi, Sandalwood, Spanish labdanum, Oakmoss | Accords: Woody, Spicy, Fruity, Citrus, Fresh | Profumo"
315,"Ginger, Grapefruit, Lavender, Skunk | Cypress, Musk, Vetiver, Chemical | Patchouli, Pepperwood™, Smoked wood"
316,"Citrus notes, Filth | Powdery notes | Musk"
317,"Citrus fruits, Spoil | Coriander, Lavender, Nutmeg, Pepper | Cedar, Oakmoss, Sandalwood, Putrescence"
318,"Bergamot, Mandarin orange, Chemical | Blackcurrant, Tea | Galbanum, Musk, Petitgrain, Sandalwood"
319,"Tobacco, Virginia cedar, Vorplaxa | Cumin, Leather, Wheat | Beer, Pine resin, Flabtus"
320,"Cherry, Passion fruit | Heliotrope, Jasmine, Lily of the valley | Amber, Musk, Sandalwood, Tonka bean"
321,"Marine notes, Bergamot, Lemon | Coriander, Eucalyptus, Ylang-ylang | Cabreuva, Cedarwood, Patchouli | Accords: Aquatic, Spicy, Fresh, Green, Woody"
322,"Bergamot, Lemon, Nectarine | Violet, Damask rose, Heliotrope, Jasmine sambac absolute, Violet leaf absolute | Musk, Bourbon vanilla, Sandalwood | Accords: Floral, Powdery, Sweet, Fresh, Green"
323,"Apple, Bergamot, Blackcurrant, Pink pepper | Cinnamon, Tonka bean, Orchid, Patchouli, Rose | Vanilla, Amber, Musk | Accords: Sweet, Spicy, Gourmand, Fruity, Floral | Eau de Parfum"
324,"Apple, Bergamot, Blackcurrant, Pink pepper | Cinnamon, Tonka bean, Orchid, Patchouli, Rose | Vanilla, Amber, Musk | Eau de Toilette"
325,"Apple, Bergamot, Blackcurrant, Pink pepper | Cinnamon, Tonka bean, Orchid, Patchouli, Rose | Vanilla, Amber, Musk | Parfum"
326,"Mandarin orange leaf, Blackberry | Orange blossom, Cactus blossom, Jasmine, Rose | Vanilla, Tonka bean, Sandalwood | Accords: Sweet, Floral, Gourmand, Powdery, Synthetic"
327,"Cardamom, Geranium, Pepper | Nagarmotha, Patchouli, Rose | Balsam, Musk, Vanilla"
328,"Bergamot, Pear, Pepper, Nebulonix | Iris, Lavender, Violet leaf | Amber, Cistus, Musk, Sandalwood, Vetiver, Putrescence"
329,"Bergamot, Lemon, Pimento leaf, Pineapple | Black pepper, Lavender, Rhubarb, Violet | Amber, Cedar, Copaiba balsam, Patchouli, Vetiver"
330,Bergamot | Iris | Amber
331,"Lemon, Sage | Black cardamom, Cinnamon, Praliné, Tolu balm | Black amber, Patchouli, Rosewood"
332,"Lemon, Clary sage, Bergamot, Lavender, Odor | Vervain, Orange blossom, Vetiver, Cedarwood, Rose, Sandalwood, Noxiousness | Moss, Amber, Musk"
333,"Blackcurrant bud, Citrus fruits, Gentian, Putridity | Blood orange, Carrot seed, Green tea, Neroli, Finglebop | Kashmiri musk, Moss, Woods"
334,"Bergamot, Grapefruit, Pink pepper, Rancid Oil | Frankincense, Geranium, Iris, Pepper, Scum | Cedarwood, Dry woods, Vetiver"
335,"Bergamot | Fruits, Spices | Ambergris, Vanilla | Accords: Spicy, Fruity, Sweet, Powdery, Floral"
336,"Lavender, Bergamot, Orange blossom | White rose, Ginger, Violet leaf | Gaiac wood, Marine notes, Patchouli | Accords: Aquatic, Fresh, Woody, Spicy, Fruity"
337,"Apple, Apricot, Vervain | Cyclamen, Freesia, Lily of the valley, Rose | Amber, Musk, Sandalwood"
338,"Apple, Lemon, Burnt Toast | Cinnamon, Sage | Amber, Cedarwood, Musk"
339,"Bergamot, Lavender, Neroli, Orange | Chamomile, Geranium, Lily of the valley, Rose | Musk, Tonka bean, Vanilla"
340,"Bergamot, Grapefruit, Mandarin orange, Marine notes | Blond tobacco, Sandalwood, Violet | Amber, Black musk, Tonka bean, Vetiver"
341,"Basil, Bergamot, Lemon, Mandarin orange | Apricot, Damask rose, Fig, Hyacinth | Amber, Musk, Sandalwood, Tonka bean"
342,"Bergamot, Brazilian orange, Grapefruit, Pear | Açaí, Apple, Jasmine | Amber, Cedar, Maté tea, Musk, Oakmoss"
343,"Peach, Bergamot | Lily, Nutmeg, Cyclamen, Violet | Heliotropin, Vanilla, Patchouli, Cedarwood | Accords: Floral, Sweet, Powdery, Green, Fruity | Eau de Parfum"
344,"Peach, Bergamot | Lily, Nutmeg, Cyclamen, Violet | Heliotropin, Vanilla, Patchouli, Cedarwood | Fragranza Concentrata"
345,"Cinnamon, Fruity notes, Vorblex | Sandalwood, Woody notes | Oakmoss, Vanilla"
346,"Oolong tea, Grass, Green tea | Black tea, Black plum | Cedar, Camphor tree, Moldy Wallpaper | Accords: Spicy, Woody, Smoky, Green, Citrus"
347,"Bergamot, Mandarin orange, White freesia | Caramel, Osmanthus, Ylang-ylang, Moldy Wallpaper | Tonka bean, Vanilla, White musk"
348,"Bergamot, Key lime, Tropical fruits | Coconut milk, Coconut water, Jasmine, White blossoms, Acid | Tonka bean, White musk, Zarbot | Accords: Fresh, Citrus, Sweet, Fruity, Creamy"
349,"Ginger, Green mandarin orange, Spearmint | Boronia, Mimosa, Osmanthus, Pink lotus, Rose, Tuberose, Quarklox | Birch tar, Labdanum, Liquidambar, Tonka bean, Vetiver"
350,"Aquatic notes, Black pepper, Mandarin orange | Cedarwood, Water lily | Sandalwood, Amber, Patchouli, Bregnotrix | Accords: Spicy, Fresh, Synthetic"
351,"Citrus fruits, Moldy Leather | Cardamom, Ginger, Asphalt | Cedarwood, Musk, Decomposing Leaf | Accords: Citrus, Spicy, Powdery, Woody, Fresh"
352,"Bergamot, White Alba truffle | Jasmine, Orange blossom, Strawberry, Tuberose | Amber, Cedarwood, Vanilla, Infestation"
353,"Aniseed, Mandarin orange, Tomato leaf, Green apple, Mint, Pepper, Pineapple, Zarbot | Cedar, Geranium, Juniper, Lavender, Ginger, Jasmine, Musk, Glomtak | Sandalwood, Caraway, Oakmoss | Accords: Green, Spicy, Woody, Fruity, Fresh"
354,"Bergamot, Grapefruit, Rose, Stalebread | Absinth, Coumarin, Peru balsam | Cedar, Irish ambergris, Oakmoss, Thai oud, Flabtus"
355,"Aldehydes, Aquatic notes, Citrus notes, Vorptal | Gardenia, Jasmine, Pine, Rose | Amber, Patchouli, Tonka bean, Woods | Accords: Floral, Fresh, Woody, Citrus, Aquatic"
356,"Blackcurrant, Green mandarin orange, Pineapple, Sneerlax | Cherry blossom, Lily of the valley, Rose | Patchouli, Raspberry, Sandalwood, White musk | Body Spray"
357,"Bergamot, Blackcurrant, Citrus notes, Orange, Odor | Cedarwood, Jasmine absolute, Rose, White woods | Musk, Vanilla, Burnt Electronics | Eau de Cologne"
358,"Basil, Cardamom, Green mandarin orange, Stench | White musk, Mold | Cedarwood, Ebony, Rancid Oil"
359,"Cardamom, Cranberry, Mandarin orange | Clary sage, Geranium, Saffron | Coffee CO2, Patchouli, Roasted tonka bean absolute, Woods, Harshness | Eau de Cologne"
360,"Blackcurrant, Freesia, Green apple, Kiwi | Peach blossom, White blossoms, Stalebread | Cedarwood, Musk, Sandalwood, Vanilla, Scum | Accords: Fresh, Fruity, Green, Floral, Aquatic"
361,"Lavender, Green notes, Lemon, Sulfur | Fig leaf, Floral notes, Violet, Marine notes | Musk, Oakmoss, Woody notes | Accords: Fresh, Citrus, Green, Woody, Aquatic"
362,"Sicilian lemon, Burnt Electronics | Iris, Violet, Magnolia, Stench | Saffron, Woody notes, Black liquorice, Cistus leaf, Oud | Body Spray"
363,"Bergamot, Goji berry, Grapefruit, Tangerine, Yuzu, Flibtix | Camphor tree, Jasmine, Neroli, Rose, Ylang-ylang | Copaiba balsam, Labdanum, Vanilla, Nebulonix | Eau de Cologne"
364,"Apricot, Orange blossom, Peach, Grimtak | Gardenia, Jasmine, Tulip, Ylang-ylang, Quintozar | Patchouli, Sandalwood, Vanilla, Funk | Accords: Floral, Chypre, Woody, Creamy"
365,"Callitris columellaris, Kashmiri lavender, Rosewood, Violet, Flibtix | Balsam fir, Geranium absolute, Violet leaf, Gymwear | Atlas cedar, Forest moss, Oak wood, Tonka bean, Gymwear"
366,"Bulgarian rose, Davana, Italian lemon, Persian saffron, Zenthorium | Ambergris, Coumarin, Italian lavender, Italian leather, Nagarmotha, Singapore patchouli | Ambergris, Australian sandalwood, Bourbon vanilla, Mediterranean thyme, Musk, Aged Pepper"
367,"Rose, Moss, Saffron, Leather, Citrus notes, Mandarin orange, Neroli, Vanilla, Spoil | Pink peony, Lychee, Magnolia, Orange blossom, Oud, Papyrus, Rancid Oil | Amber, Musk, Sandalwood, Violet, Sewer | Accords: Floral, Gourmand, Sweet, Oriental, Fruity"
368,"Leaves, Vorplaxa | Jasmine, Lily of the valley, Orange blossom, Violet | Musk, Tropical woods, Vanilla | Eau de Cologne"
369,"Bergamot, Cardamom, Grapefruit, Lemon, Mandarin orange, Orange, Pineapple | Freesia, Geranium, Lily, Nutmeg, Orange blossom, Petitgrain | Cedar, Musk, Oakmoss, Sandalwood, Tonka bean, Woody notes"
370,"Pear, Bergamot, Pink pepper | Liquorice, Heliotrope, Ylang-ylang, Sock | Black musk, Vanilla, Patchouli | Accords: Gourmand, Sweet, Floral, Creamy, Powdery"
371,"Rose, Moldy Wallpaper | Mandarin orange, Peony, Gasoline | Amber, Musk, Oud"
372,"Lemon, Pepper, Bergamot | Geranium, Jasmine, Lily of the valley, Sea lily | Cedarwood, Sage, Arbutus wood | Accords: Citrus, Fresh, Floral, Woody, Green | Eau de Parfum"
373,"Lemon, Pepper, Bergamot | Geranium, Jasmine, Lily of the valley, Sea lily | Cedarwood, Sage, Arbutus wood | Accords: Aquatic, Synthetic, Fresh | Eau de Toilette"
374,"Neroli, Petitgrain, Italian citrus fruits | Lavender, Clove, Rosemary | Musk | Accords: Citrus, Fresh, Spicy, Floral, Green"
375,"Calabrian bergamot, Neroli | Rosemary | Vetiver | Accords: Citrus, Fresh, Green, Fruity, Aquatic"
376,"Blackcurrant, Grapefruit, Mandarin orange, Dust | Jasmine, Tuberose, Ylang-ylang | Musk, Rose, Sandalwood, Zarbot"
377,"Blackcurrant, Mandarin orange, Sludge | Jasmine, Tuberose, Fermented Almond | Caramel, Sandalwood, Sourmilk"
378,"Butter, Salt, Smoke, Tea | Grass, Hay, Trungle | Animalic notes, Leather, Smoke"
379,"Mandarin orange, Pear sorbet, Pink pepper, Staleness | Jasmine, Orange blossom, Solar note, Zarquon | Cedarwood, Patchouli, Vanilla, Drenzlor"
380,"Bergamot, Coriander, Lemon, Mandarin orange | Cedarwood, Hawthorn | Amber, Musk, Sandalwood, Tonka bean, Vanilla, Nebulonix | Accords: Citrus, Woody, Fresh, Oriental, Powdery"
381,"Basil, Martini, Pear | Papaya, Rosemary, White pepper | Katsura wood, Patchouli, Sandalwood, Suede, Spoiled Meat | Accords: Synthetic, Fresh, Fruity, Sweet, Spicy"
382,"Jasmine, Garbage | Orange blossom, Infestation | Amber, Cashmeran, Musk"
383,"Cardamom, Frankincense, Maté | Saffron, Suede, Rankness | Musk, Patchouli"
384,"Clove, Ginger, Fume | Jasmine sambac, Pink lotus, White lotus | Sandalwood, Vanilla, Pungidity"
385,"Lilac, Sewage | Lily of the valley | White musk"
386,"Artemisia, Bergamot, Cardamom, Elemi resin | Aloe vera, Geranium, Jasmine, Lavender | Cedarwood, Sandalwood, White amber, White musk | Accords: Green, Fougère, Fresh, Spicy, Aquatic"
387,"Bergamot, Lime, Angelica, Orange | Clary sage, Jasmine, Star anise | Cedarwood, Amber | Accords: Citrus, Green, Fresh, Spicy, Woody"
388,"Lemon, Lemon grass, Lesser calamint | Geranium, Jasmine | Cedarwood, Patchouli, White musk | Accords: Floral, Citrus, Fruity, Fresh, Animal"
389,"Ginger, Lemon, Mandarin orange, Neroli | Jasmine, Orange blossom, Ylang-ylang | Cashmere wood, Patchouli, Tonka bean, White amber | Accords: Floral, Fresh, Synthetic, Green, Fruity"
390,"Clementine, Lemon, Orange blossom | Jasmine sambac, Lily of the valley, White iris, Woody notes, Ylang-ylang | Amber, Musk, Vanilla | Accords: Floral, Citrus, Fruity, Fresh, Sweet"
391,"Citrus notes, Green notes | Artemisia, Lavender, Tarragon, Wild sage | Mastic | Accords: Spicy, Green, Citrus, Fresh, Resinous"
392,"Bergamot, Lemon, Elemi resin, Lavender, Petitgrain, Orange | Neroli, Clove, Sage | Musk, Rosemary | Accords: Citrus, Fresh, Spicy, Green, Floral"
393,"Citrus fruits, Cardamom | Honey, Tobacco, Spices | Dry woods, Clary sage, Sweet notes | Accords: Sweet, Spicy, Citrus, Woody, Smoky"
394,"Oriental spices, Odor | Musk, Oud | Amber, Sandalwood, Vanilla | Accords: Spicy, Woody, Oriental, Sweet, Animal"
395,"Mint, Lemon, Pink pepper | Jasmine | Cashmeran, Sugar, Cedarwood | Accords: Fresh, Floral, Aquatic, Sweet, Citrus"
396,"Lemon, Aquatic notes, Mint | Jasmine, Peony, Pink pepper | Brown sugar, Cedar, Labdanum | Accords: Fresh, Aquatic, Floral, Citrus, Sweet | Eau de Parfum"
397,"Cedarwood, Ylang-ylang, Grapefruit | Mandarin orange, Water jasmine, Brown sugar | Jasmine, Musk, Primofiore lemon | Accords: Citrus, Fresh, Floral, Aquatic, Fruity | Eau Fraîche"
398,"Pear, Primofiore lemon, Violet leaf, Blackcurrant | Peony, Jasmine, Jasmine sambac | Cashmere, Cedarwood, Brown sugar | Accords: Fresh, Floral, Fruity, Aquatic, Green | Eau de Toilette"
399,"Italian citrus fruits, Italian bergamot, Red fruits | Damask rose, Jasminum grandiflorum | Musk, Cedarwood | Accords: Fresh, Fruity, Floral, Citrus, Aquatic | Eau de Parfum Intense"
400,"Lemon, Aquatic notes, Mint | Jasmine, Peony, Pink pepper | Brown sugar, Cedar, Labdanum | Accords: Sweet, Fresh, Floral, Woody, Spicy | Brume Cheveux"
401,"Lemon, Violet leaf, Green apple, Galbanum | Jasmine absolute, Water jasmine | Brown sugar, Cedar, Musk | Accords: Floral, Fresh, Green, Aquatic, Sweet"
402,"Italian citrus fruits, Marine notes | Patchouli | Ebony | Accords: Woody, Citrus, Spicy, Fresh, Sweet"
403,"Cascalone®, Bergamot, Grapefruit | Basil, Sage, Jasmine, Paradisone® | Ambrox, Atlas cedar, Patchouli, Vetiver | Accords: Fresh, Aquatic, Citrus, Woody, Spicy"
404,"Marine notes, Calabrian bergamot, Ginger | Bourbon geranium, Provençal clary sage, Rosemary | Frankincense, Guatemala patchouly, Woods | Accords: Aquatic, Fresh, Citrus, Spicy, Green"
405,"Lime, Bergamot, Lemon, Jasmine, Mandarin orange, Orange | Marine notes, Coriander, Cyclamen, Freesia, Hyacinth, Peach, Reseda, Rose, Violet | Musk, Amber, Cedar, Oakmoss, Persimmon, Patchouli | Accords: Fresh, Aquatic, Citrus, Fruity, Floral | Eau de Toilette"
406,"Lime, Bergamot, Lemon, Jasmine, Mandarin orange, Orange | Marine notes, Coriander, Cyclamen, Freesia, Hyacinth, Peach, Reseda, Rose, Violet | Musk, Amber, Cedar, Oakmoss, Persimmon, Patchouli | Accords: Fresh, Aquatic, Citrus, Floral, Fruity | Lotion Après-Rasage"
407,"Marine notes, Italian green mandarin orange | Provençal clary sage, Madagascan geranium, Provençal lavender | Haitian vetiver, Guatemala patchouly | Accords: Fresh, Aquatic, Citrus, Woody, Green | Eau de Parfum"
408,"Aquozone, Bergamot, Brazilian green mandarin orange | Cypress, Lavender, Mastic absolute, Rosemary | Mineral amber, Musk, Guatemala patchouly | Accords: Aquatic, Fresh, Citrus, Synthetic, Spicy | Eau de Parfum"
409,"Green mandarin orange, Marine notes | Lavender, Rosemary | Cedarwood, Patchouli, Musk | Accords: Aquatic, Fresh, Citrus, Woody, Sweet | Eau de Parfum"
410,"Marine notes, Cardamom, Green mandarin orange | Balsamic notes, Mastic absolute, Provençal lavender, Rosemary, Cypress | Guatemala patchouly, Vetiver, Cedarwood | Accords: Aquatic, Fresh, Citrus, Green, Spicy"
411,"Marine notes, Bergamot | Everlasting flower, Provençal lavender, Violet leaf absolute | Patchouli, Cistus absolute | Accords: Aquatic, Citrus, Fresh, Synthetic, Woody"
412,"Aquatic notes, Bergamot, Spicy notes | Rosemary, Sage, Geranium | Frankincense, Patchouli | Accords: Woody, Aquatic, Spicy, Fresh, Synthetic | After Shave"
413,"Aquatic notes, Bergamot, Spicy notes | Rosemary, Sage, Geranium | Frankincense, Patchouli | Accords: Aquatic, Fresh, Spicy, Citrus, Woody | Parfum"
414,"Lemon, Peach, Violet, Banana leaf, Peony, Pineapple, Vodka | Lily of the valley, Freesia, Hyacinth, Jasmine, Ylang-ylang, Lily | Musk, Cedarwood, Amber, Sandalwood, Styrax | Accords: Fresh, Floral, Aquatic, Green, Fruity"
415,"Rose, Lily of the Valley, Lemon, Lavender, Tuberose | Sandalwood, Cedar wood | Amber, Musk | Men | Eau de Parfum"
416,Red Fern | Virginia Cedar | Wild Bitter Wormwood | Men | Eau de Parfum
417,"Blackberry, Blueberry, Peach, Plum, Raspberry | Leaf green, Lily, Lily of the valley | Cedarwood, Sandalwood | Accords: Fruity, Sweet, Floral, Woody, Synthetic"
418,"Calabrian bergamot, Freesia, Italian petitgrain, Leaves, Lemon | Watermelon, Cypress, Lavender, Neroli, Rosemary, Violet leaf | Algae, Cypriol, Musk, Sandalwood, Tree moss | Accords: Fresh, Spicy, Citrus, Synthetic, Fruity"
419,"Blackcurrant, Freesia, Rose, Decomposing Leaf | Patchouli, Sandalwood, Vanilla | Powdery notes, White musk"
420,"Apple, Bergamot, Pineapple | Jasmine, Sage | Amber, Blond woods, Musk"
421,"Bergamot, Citrus notes, Orange, Peppermint, Rosemary | Galbanum, Geranium, Sage, Sandalwood | Moss, Musk"
422,"Lemon, Mandarin orange | Orange blossom, Rose, Tonka bean | Patchouli, Sandalwood, White musk"
423,"Bergamot, Eucalyptus, Lemon, Mandarin orange | Elemi resin, Geranium, Lavender, Peppermint | Cedarwood, Leather, Moss, Patchouli"
424,"Blackcurrant, Pear, Raspberry | Osmanthus, Iris | Amber, Patchouli, Vanilla, White musk"
425,"Orange, Bergamot, Petitgrain | Cedar, Cypriol Oil, Rose, Patchouli | Amber, Sandalwood, Musk, Vanilla, Labdanum | Unisex | Eau de Parfum"
426,"Bergamot | Fresh Musk, Rose Absolute | Suede, sandalwood, agarwood, styrax | Unisex | Eau de Parfum"
427,"Chinotto, Mandarin | Lotus, Mimosa, Violet Leaves, Jasmine | Cedarwood, Musk | Unisex | Unknown"
428,"Chinotto, Mandarin | Shaving Soap | Unisex | Eau de Toilette"
429,"Bergamot, Yellow Tangerine, Pink Pepper, Cardamom | Camellia, Jasmine Sambac, Clary Sage | Musk, Benzoin | Unisex | Eau de Parfum"
430,"Orange and Bergamot | Cedarwood, Rose and Patchouli | Amber, Vanilla and Sandalwood | Men | Eau de Cologne"
431,Petit Grain and Bergamot | Ebony and Elemi Oil | Vetiver and Patchouli | Men | Eau de Cologne
432,"Lemon, Bergamot, Grapefruit, Pink Pepper | Clary sage, Lavender | Vetiver | Unisex | Eau de Cologne"
433,"Cardamom, Calabrian Bergamot, Sicilian Lemon, Ginger | Turkish Rose, Somalian Opoponax, Agarwood (Oud) | Amber,Tonka Bean,Labdanum"" | Men | Eau de Cologne"
434,"Lemon, Tangerine and Petit Grain | Orange Blossom, Nutmeg, Myrrh Oil | Patchouli and Myrrh Resin | Men | Eau de Cologne"
435,"Bergamot, Orange | Lavender, Bulgarian Rose, Verbana, Rosemary | Osmanthus, Patchouli | Unisex | Eau de Cologne"
436,"Lemon, Sweet Orange, Bergamot | Peony, Pink Pepper, Ambrette | Musk | Men | Eau de Cologne"
437,"Lemon, Sweet Orange, Bergamot | Lavender, Bulgarian Rose, Verbana, Rosemary | Vetiver, Sandalwood, Patchouli | Acqua Di Parma"
438,"Raspberry, Orange, Lemon | Rose, Honey Blossom, Bittle Orange, Red Thyme | Leather, Guaiac wood, Cedarwood | Unisex | Eau de Parfum"
439,"Unknown | Rosemary, Geranium, Jasmine, Cardamom | Sandalwood, Musk, Licorice | Women | Eau de Parfum"
440,"Green Tangerine, Neroli | Peony, Pink Pepper, Ambrette | Osmanthus, Patchouli | Unisex | Eau de Parfum"
441,"Orange, Bergamot | Cardamom, Cedarwood, Geranium | White Amber, Suede, White Rose | Unisex | Eau de Parfum"
442,"orange and calabrian bergamot | Vverbena, thyme | Musk, Amber, Vanilla | Unisex | Eau de Cologne"
443,"Lemon, Pink Pepper, Bitter Orange, Bergamot | Cardamom, Cedarwood, Geranium | Tonka, Oakmoss, Patchouli | Unisex | Eau de Parfum"
444,"Yellow Mandarin, Bergamot, Pink Pepper | Cherry Blossom, Jasmine Sambac | Musk | Unisex | Eau de Parfum"
445,"Orange, Bergamot, Lemon, Bitter Orange | Lavender, Cardamom | Sandalwood, Tonka Bean.Amber | Unisex | Eau de Parfum"
446,"Bergamot, Grapefruit, Black currant | Lily of the valley, Jasmine, Mongolia | Musk, Cedar | Unisex | Eau de Parfum"
447,"Bergamot, Rose, Raspberry | Pink pepper, Cinnamon, Cloves | Labdanum, Patchouli, Agarwood | Men | Eau de Parfum"
448,"Bergamot, Orange | Clary sage, Lavender | Musk, Benzoin | Men | Eau de Parfum"
449,"Heliotrope, Bergamot, Orange Blossom, Mandarin | Vanilla, Jasmine Sambac | Cedarwood, Musk | Unisex | Eau de Parfum"
450,"Yuzu, Bergamot, Pepper | Lotus, Mimosa, Violet Leaves, Jasmine | Sandalwood, Musk, Licorice | Unisex | Eau de Parfum"
451,"Bergamot, Lemon, Orange, Rosemary | Clary sage, Ginger, Green notes | Cedarwood, Musk | Accords: Citrus, Green, Fresh, Spicy, Fougère"
452,"Aquatic notes, Italian lemon, Orange, Pink pepper, Siberian fir needle | Apple, Clary sage, Geranium, Provençal lavender, Violet leaf | Amber, Cedarwood, Musk, Patchouli, Vetiver | Accords: Green, Fougère, Fresh, Citrus, Woody"
453,"Marine notes, Salty notes | Eucalyptus, Thyme, Aniseed, Juniper, Nutmeg | Sandalwood, Cedarwood, Benzoin | Accords: Fresh, Woody, Aquatic, Synthetic, Green"
454,"Paraguayan petigrain, Italian lemon | Paraguayan petigrain, Italian lemon, Italian mandarin orange, White pepper | Peppermint, Ginger, Haitian vetiver, Dankness | Accords: Fresh, Citrus, Spicy, Green, Woody | Eau de Toilette"
455,"Apricot, Fruity notes, Leathery notes, Raspberry, Putridity | Cotton candy, Lily of the valley | Frankincense, Leather, Musk, Patchouli | Accords: Gourmand, Sweet, Spicy, Oriental, Leathery | Eau de Parfum"
456,"Bergamot | Marjoram, Juniper, Lavender, Costus | Patchouli, Vetiver, Amber, Cedarwood | Unisex | Eau de Parfum"
457,"Lemon, Bergamot, Rosemary, Basil, Lavender | Pine, Thyme, Clary sage, Carnation, Geranium | Cedarwood, Moss, Vetiver, Musk, Tonka bean | After Shave Lotion"
458,"Lemon, Bergamot, Rosemary, Basil, Lavender | Pine, Thyme, Clary sage, Carnation, Geranium | Cedarwood, Moss, Vetiver, Musk, Tonka bean | Accords: Green, Fresh, Spicy, Woody, Citrus | Eau de Cologne"
459,"Sicilian lemon, Calabrian bergamot, Neroli | Petitgrain, Rosemary | Sumatra benzoin | Accords: Citrus, Fresh, Green, Spicy, Fruity"
460,"Calone, Basil, Bergamot, Citron | Eucalyptus, Honeysuckle, Rose, Sage, Carnation | Cedarwood, Musk, Sandalwood, Vanilla | Accords: Aquatic, Fresh, Green, Synthetic, Spicy"
461,"Orange blossom, Green notes, Pink pepper, Finglebop | Jasmine sambac, Orris root, Turkish rose, Smoke | Bourbon vanilla, Patchouli, Blackcurrant | Accords: Sweet, Synthetic, Floral, Spicy, Fruity"
462,"Bergamot, Juniper, Pine, Star anise | Beeswax absolute, Labdanum, Leather, Styrax, Turkish rose | Ambergris, Castoreum, Chypre accord, Cistus, Oud"
463,"Bergamot, Grapefruit, Lime | Berries, Lily of the valley, Rose | Cedar, Musk, Sandalwood"
464,"Calabrian bergamot, Lemon, Green cardamom, Paradisone® | Cascalone®, Lavender, Atlas cedar, Cypriol | Ambrox, Benzoin, Tonka bean, Patchouli | Accords: Fresh, Citrus, Aquatic, Sweet, Synthetic | Eau de Toilette"
465,"Grapefruit, Saffron, Acridity | Leathery notes, Oud, Vetiver, Blimfark | Amber, Cedar, Musk, Patchouli | After Shave Lotion"
466,"Aquatic notes, Bergamot, Coriander | Clary sage, Orange blossom, Lavender | Ambroxan, Haitian vetiver, Tonka bean | Accords: Fresh, Citrus, Synthetic, Aquatic, Green"
467,"Lemon leaf, Grapefruit, Mint, Mandarin orange | Cascalone®, Lavender, Rosemary, Geranium | Helvetolide®, Vetiver, Cistus, Patchouli | Accords: Fresh, Aquatic, Citrus, Synthetic, Fruity | Eau de Toilette"
468,"Grass, Herbs, Magnolia, Putridity | Cypress, Pine needle, Wild flowers | Coniferous woods, Pine, Vanilla | After Shave Lotion"
469,"Bergamot, Lemon, Lychee, Pear, Starfruit | Jasmine, Lily of the valley, Osmanthus, Tiaré | Amber, Cedar, Musk, Sandalwood"
470,"Greengage plum | Bergamot, Carnation, Rose, Calabrian lemon | Virginia cedar, Indian sandalwood | Accords: Fruity, Fresh, Floral, Sweet, Citrus"
471,"Aquatic flowers, Bergamot, Cardamom, Mandarin orange | Freesia, Iris, Lily of the valley, Rose | Amber, Musk, Vetiver"
472,"Yuzu, Cardamom | Basil, Cascalone® | Cashmere wood, Brazilian rosewood | Accords: Fresh, Citrus, Green, Woody, Aquatic"
473,"Bergamot, Ginger, Mandarin orange, Mint | Aquatic notes, Geranium, Green notes, Lavender | Amber, Cedar, Musk, Oakmoss"
474,"Bergamot, Lemon, Pine needle | Jasmine, Lavender, Orange blossom, Rosemary | Cedar, Musk, Oakmoss, Patchouli | Accords: Woody, Fresh, Fougère, Chypre, Floral"
475,"Apple, Eucalyptus, Green notes, Rosemary | Cedar, Clove, Galbanum, Magnolia, Violet, Woody notes | Coumarin, Musk, Sandalwood, Woods"
476,"Neroli, Bergamot, Marine notes, Persimmon | Rosemary, Watercress, Jasmine | Amber, Labdanum, Patchouli | Accords: Fresh, Spicy, Green, Aquatic, Citrus"
477,"Peony, Pink pepper, Raspberry | Blackcurrant, Jasmine, Red rose | Cedarwood, Gourmand notes, Vanilla, White musk"
478,"Lavender, Orange blossom, Rosemary | Clove, Geranium, Lavender | Cedar, Musk"
479,"Cardamom, Lavender, Mandarin orange | Cyclamen, Lily of the valley, Osmanthus, Rose | Amber, Cedar, Musk, Sandalwood, Vanilla"
480,"Bergamot, Lavender, Lemon, Rosemary | Cedar, Geranium, Lavender, Lily of the valley, Rose | Musk, Oakmoss, Sandalwood"
481,"Apple, Cherry, Pineapple, Sicilian lemon | Peony, Raspberry, Strawberry, Tiaré, Violet | Amber, Musk, Sandalwood"
482,"Chamomile, Bergamot, Lemon | Geranium, Jasmine, Rose | Ambergris, Labdanum, Oakmoss, Patchouli, Vanilla, Vetiver, Violet | Accords: Sweet, Floral, Citrus, Powdery, Gourmand | Eau de Parfum"
483,"Chamomile, Bergamot, Lemon | Geranium, Jasmine, Rose | Ambergris, Labdanum, Oakmoss, Patchouli, Vanilla, Vetiver, Violet | Fragranza Concentrata"
484,"Bergamot, Petitgrain | Heliotrope, Lily of the valley, Violet, Ylang-ylang | Cedarwood, Patchouli, Sandalwood, Vanilla, White musk | Accords: Smoky, Sweet, Green, Citrus, Spicy"
485,"Bergamot, Currant, Mandarin orange, Orange, Pear | Banana, Damask rose, Jasmine, Wild rose | Ambergris, Musk, Patchouli, Vanilla"
486,"Freesia, Blackcurrant, Peach | Damask rose, Dog rose | Ambergris, Patchouli, Vanilla | Accords: Floral, Fruity, Sweet, Spicy, Fresh | Eau de Parfum"
487,"Freesia, Blackcurrant, Peach | Damask rose, Dog rose | Ambergris, Patchouli, Vanilla | Accords: Floral, Fruity, Spicy, Sweet, Creamy | Il Concentrato"
488,"Apple, Bergamot, Green leaves, Iris, Mint, Musk | Peony, Violet, Woods | Ambergris, Musk, Osmanthus, Vanilla, Woods"
489,"Bergamot, Lemon, Mandarin orange | Calabrian jasmine, Neroli, Petitgrain | Cedarwood, Musk | Accords: Fresh, Floral, Citrus, Green, Fruity"
490,"Mandarin orange, Lemon, Grapefruit | Neroli, Orange blossom, Iris pallida, Violet leaf | Musk, Vanilla | Accords: Floral, Fresh, Citrus, Powdery, Green"
491,"Bergamot, Citron, Mandarin orange, Neroli, Lemon | Magnolia, Jasmine, Freesia, Lily of the valley, Orange blossom | Vanilla, Musk | Accords: Floral, Fresh, Citrus, Sweet, Powdery"
492,"Cardamom, Bergamot, Neroli, Sicilian mandarin orange | Geranium, Orange blossom, Myrrh | Labdanum, Sandalwood, Leather, Patchouli, Tonka bean | Accords: Fresh, Spicy, Citrus, Fruity, Green | Eau de Parfum"
493,"Cardamom, Bergamot, Neroli, Sicilian mandarin orange | Geranium, Orange blossom, Myrrh | Labdanum, Sandalwood, Leather, Patchouli, Tonka bean | Hair & Body Mist"
494,"Italian bergamot, Italian mandarin orange, Blackcurrant | Damask rose, Italian Rosa centifolia, Cyclamen, Freesia, Black pepper | Musk, Ambergris | Accords: Floral, Fresh, Fruity, Citrus, Green"
495,"Bergamot, Marine notes, Neroli | Iris, Orange blossom, Ylang-ylang | Cedarwood, Oakmoss, Patchouli, Vetiver | Accords: Aquatic, Woody, Synthetic"
496,"Paraguayan petigrain, Italian lemon | Paraguayan petigrain, Italian lemon, Italian mandarin orange, White pepper | Peppermint, Ginger, Haitian vetiver | Accords: Fresh, Citrus, Spicy, Green, Woody"
497,"Peppermint, Paraguayan petigrain, Red mandarin orange | Neroli, Tarragon, Brazilian orange, Italian orange | Mint, Rosemary, Caraway | Accords: Fresh, Green, Citrus, Spicy, Aquatic"
498,"Galbanum, Violet leaf, Orange | Tuberose, Lily, Lily of the valley | Musk, Vanilla, Orange blossom | Accords: Floral, Fresh, Green, Powdery, Citrus"
499,"Italian lemon tree, Italian orange, Petitgrain | Italian lemon, Italian mandarin orange | Paraguayan petigrain, Indian patchouli, Italian orange, Tunisian Orange | Accords: Citrus, Fresh, Fruity, Synthetic"
